{"cameraMode":{"drawMode":0,"name":"Shaded","section":"Shading Mode"},"sceneLighting":false,"audioPlay":false,"sceneViewState":{"showFog":true,"showMaterialUpdate":false,"showSkybox":false,"showFlares":true,"showImageEffects":true,"showParticleSystems":true},"in2DMode":false,"pivot":{"x":-4.050000190734863,"y":-2.049999952316284,"z":0.011123225092887879},"rotation":{"x":0.0064866202883422379,"y":0.982151210308075,"z":-0.0344880186021328,"w":0.1848151683807373},"size":19.503141403198243,"orthographic":true}