{"cameraMode":{"drawMode":0,"name":"Shaded","section":"Shading Mode"},"sceneLighting":false,"audioPlay":false,"sceneViewState":{"showFog":true,"showMaterialUpdate":false,"showSkybox":false,"showFlares":true,"showImageEffects":true,"showParticleSystems":true},"in2DMode":false,"pivot":{"x":-46.99811935424805,"y":-2.4743146896362306,"z":111.13482666015625},"rotation":{"x":-0.00016227072046604007,"y":0.9998382925987244,"z":-0.013498732820153237,"w":-0.011998278088867665},"size":14.934492111206055,"orthographic":true}