{"cameraMode":{"drawMode":0,"name":"Shaded","section":"Shading Mode"},"sceneLighting":false,"audioPlay":false,"sceneViewState":{"showFog":true,"showMaterialUpdate":false,"showSkybox":false,"showFlares":true,"showImageEffects":true,"showParticleSystems":true},"in2DMode":false,"pivot":{"x":74.78755950927735,"y":25.063751220703126,"z":70.0078125},"rotation":{"x":-0.0016730704810470343,"y":0.9982725977897644,"z":-0.03595336154103279,"w":-0.04645318537950516},"size":12.01086711883545,"orthographic":true}