{"cameraMode":{"drawMode":0,"name":"Shaded","section":"Shading Mode"},"sceneLighting":true,"audioPlay":false,"sceneViewState":{"showFog":true,"showMaterialUpdate":false,"showSkybox":true,"showFlares":true,"showImageEffects":true,"showParticleSystems":true},"in2DMode":false,"pivot":{"x":-25.110153198242189,"y":30.56110954284668,"z":34.998748779296878},"rotation":{"x":-0.0009595597512088716,"y":0.9957631826400757,"z":-0.09136737138032913,"w":-0.010455917567014695},"size":59.170013427734378,"orthographic":true}